ostation,dstation,duration
1号线富锦路,1号线友谊西路,3
1号线友谊西路,1号线宝安公路,3
1号线宝安公路,1号线共富新村,3
1号线共富新村,1号线呼兰路,3
1号线呼兰路,1号线通河新村,3
1号线通河新村,1号线共康路,3
1号线共康路,1号线彭浦新村,3
1号线彭浦新村,1号线汶水路,3
1号线汶水路,1号线上海马戏城,3
1号线上海马戏城,1号线延长路,3
1号线延长路,1号线中山北路,3
1号线中山北路,1号线上海火车站,3
1号线上海火车站,1号线汉中路,3
1号线汉中路,1号线新闸路,3
1号线新闸路,1号线人民广场,3
1号线人民广场,1号线黄陂南路,3
1号线黄陂南路,1号线陕西南路,3
1号线陕西南路,1号线常熟路,3
1号线常熟路,1号线衡山路,3
1号线衡山路,1号线徐家汇,3
1号线徐家汇,1号线上海体育馆,3
1号线上海体育馆,1号线漕宝路,3
1号线漕宝路,1号线上海南站,3
1号线上海南站,1号线锦江乐园,3
1号线锦江乐园,1号线莲花路,3
1号线莲花路,1号线外环路,3
1号线外环路,1号线莘庄,3
1号线莘庄,1号线外环路,3
1号线外环路,1号线莲花路,3
1号线莲花路,1号线锦江乐园,3
1号线锦江乐园,1号线上海南站,3
1号线上海南站,1号线漕宝路,3
1号线漕宝路,1号线上海体育馆,3
1号线上海体育馆,1号线徐家汇,3
1号线徐家汇,1号线衡山路,3
1号线衡山路,1号线常熟路,3
1号线常熟路,1号线陕西南路,3
1号线陕西南路,1号线黄陂南路,3
1号线黄陂南路,1号线人民广场,3
1号线人民广场,1号线新闸路,3
1号线新闸路,1号线汉中路,3
1号线汉中路,1号线上海火车站,3
1号线上海火车站,1号线中山北路,3
1号线中山北路,1号线延长路,3
1号线延长路,1号线上海马戏城,3
1号线上海马戏城,1号线汶水路,3
1号线汶水路,1号线彭浦新村,3
1号线彭浦新村,1号线共康路,3
1号线共康路,1号线通河新村,3
1号线通河新村,1号线呼兰路,3
1号线呼兰路,1号线共富新村,3
1号线共富新村,1号线宝安公路,3
1号线宝安公路,1号线友谊西路,3
1号线友谊西路,1号线富锦路,3
1号线苹果园,1号线古城,3
1号线古城,1号线八角游乐园,3
1号线八角游乐园,1号线八宝山,3
1号线八宝山,1号线玉泉路,3
1号线玉泉路,1号线五棵松,3
1号线五棵松,1号线万寿路,3
1号线万寿路,1号线公主坟,3
1号线公主坟,1号线军事博物馆,3
1号线军事博物馆,1号线木樨地,3
1号线木樨地,1号线南礼士路,3
1号线南礼士路,1号线复兴门,3
1号线复兴门,1号线西单,3
1号线西单,1号线天安门西,3
1号线天安门西,1号线天安门东,3
1号线天安门东,1号线王府井,3
1号线王府井,1号线东单,3
1号线东单,1号线建国门,3
1号线建国门,1号线永安里,3
1号线永安里,1号线国贸,3
1号线国贸,1号线大望路,3
1号线大望路,1号线四惠,3
1号线四惠,1号线四惠东,3
1号线四惠东,1号线四惠,3
1号线四惠,1号线大望路,3
1号线大望路,1号线国贸,3
1号线国贸,1号线永安里,3
1号线永安里,1号线建国门,3
1号线建国门,1号线东单,3
1号线东单,1号线王府井,3
1号线王府井,1号线天安门东,3
1号线天安门东,1号线天安门西,3
1号线天安门西,1号线西单,3
1号线西单,1号线复兴门,3
1号线复兴门,1号线南礼士路,3
1号线南礼士路,1号线木樨地,3
1号线木樨地,1号线军事博物馆,3
1号线军事博物馆,1号线公主坟,3
1号线公主坟,1号线万寿路,3
1号线万寿路,1号线五棵松,3
1号线五棵松,1号线玉泉路,3
1号线玉泉路,1号线八宝山,3
1号线八宝山,1号线八角游乐园,3
1号线八角游乐园,1号线古城,3
1号线古城,1号线苹果园,3
2号线徐泾东,2号线虹桥火车站,3
2号线虹桥火车站,2号线虹桥2号航站楼,3
2号线虹桥2号航站楼,2号线淞虹路,3
2号线淞虹路,2号线北新泾,3
2号线北新泾,2号线威宁路,3
2号线威宁路,2号线娄山关路,3
2号线娄山关路,2号线中山公园,3
2号线中山公园,2号线江苏路,3
2号线江苏路,2号线静安寺,3
2号线静安寺,2号线南京西路,3
2号线南京西路,2号线人民广场,3
2号线人民广场,2号线南京东路,3
2号线南京东路,2号线陆家嘴,3
2号线陆家嘴,2号线东昌路,3
2号线东昌路,2号线世纪大道,3
2号线世纪大道,2号线上海科技馆,3
2号线上海科技馆,2号线世纪公园,3
2号线世纪公园,2号线龙阳路,3
2号线龙阳路,2号线张江高科,3
2号线张江高科,2号线金科路,3
2号线金科路,2号线广兰路,3
2号线广兰路,2号线唐镇,3
2号线唐镇,2号线创新中路,3
2号线创新中路,2号线华夏东路,3
2号线华夏东路,2号线川沙,3
2号线川沙,2号线凌空路,3
2号线凌空路,2号线远东大道,3
2号线远东大道,2号线海天三路,3
2号线海天三路,2号线浦东国际机场,3
2号线浦东国际机场,2号线海天三路,3
2号线海天三路,2号线远东大道,3
2号线远东大道,2号线凌空路,3
2号线凌空路,2号线川沙,3
2号线川沙,2号线华夏东路,3
2号线华夏东路,2号线创新中路,3
2号线创新中路,2号线唐镇,3
2号线唐镇,2号线广兰路,3
2号线广兰路,2号线金科路,3
2号线金科路,2号线张江高科,3
2号线张江高科,2号线龙阳路,3
2号线龙阳路,2号线世纪公园,3
2号线世纪公园,2号线上海科技馆,3
2号线上海科技馆,2号线世纪大道,3
2号线世纪大道,2号线东昌路,3
2号线东昌路,2号线陆家嘴,3
2号线陆家嘴,2号线南京东路,3
2号线南京东路,2号线人民广场,3
2号线人民广场,2号线南京西路,3
2号线南京西路,2号线静安寺,3
2号线静安寺,2号线江苏路,3
2号线江苏路,2号线中山公园,3
2号线中山公园,2号线娄山关路,3
2号线娄山关路,2号线威宁路,3
2号线威宁路,2号线北新泾,3
2号线北新泾,2号线淞虹路,3
2号线淞虹路,2号线虹桥2号航站楼,3
2号线虹桥2号航站楼,2号线虹桥火车站,3
2号线虹桥火车站,2号线徐泾东,3
10号线新江湾城,10号线殷高东路,3
10号线殷高东路,10号线三门路,3
10号线三门路,10号线江湾体育场,3
10号线江湾体育场,10号线五角场,3
10号线五角场,10号线国权路,3
10号线国权路,10号线同济大学,3
10号线同济大学,10号线四平路,3
10号线四平路,10号线邮电新村,3
10号线邮电新村,10号线海伦路,3
10号线海伦路,10号线四川北路,3
10号线四川北路,10号线天潼路,3
10号线天潼路,10号线南京东路,3
10号线南京东路,10号线豫园,3
10号线豫园,10号线老西门,3
10号线老西门,10号线新天地,3
10号线新天地,10号线陕西南路,3
10号线陕西南路,10号线上海图书馆,3
10号线上海图书馆,10号线交通大学,3
10号线交通大学,10号线虹桥路,3
10号线虹桥路,10号线宋园路,3
10号线宋园路,10号线伊犁路,3
10号线伊犁路,10号线水城路,3
10号线水城路,10号线龙溪路,3
10号线龙溪路,10号线上海动物园,3
10号线上海动物园,10号线虹桥1号航站楼,3
10号线虹桥1号航站楼,10号线虹桥2号航站楼,3
10号线虹桥2号航站楼,10号线虹桥火车站,3
10号线虹桥火车站,10号线虹桥2号航站楼,3
10号线虹桥2号航站楼,10号线虹桥1号航站楼,3
10号线虹桥1号航站楼,10号线上海动物园,3
10号线上海动物园,10号线龙溪路,3
10号线龙溪路,10号线水城路,3
10号线水城路,10号线伊犁路,3
10号线伊犁路,10号线宋园路,3
10号线宋园路,10号线虹桥路,3
10号线虹桥路,10号线交通大学,3
10号线交通大学,10号线上海图书馆,3
10号线上海图书馆,10号线陕西南路,3
10号线陕西南路,10号线新天地,3
10号线新天地,10号线老西门,3
10号线老西门,10号线豫园,3
10号线豫园,10号线南京东路,3
10号线南京东路,10号线天潼路,3
10号线天潼路,10号线四川北路,3
10号线四川北路,10号线海伦路,3
10号线海伦路,10号线邮电新村,3
10号线邮电新村,10号线四平路,3
10号线四平路,10号线同济大学,3
10号线同济大学,10号线国权路,3
10号线国权路,10号线五角场,3
10号线五角场,10号线江湾体育场,3
10号线江湾体育场,10号线三门路,3
10号线三门路,10号线殷高东路,3
10号线殷高东路,10号线新江湾城,3
10号线航中路,10号线紫藤路,3
10号线紫藤路,10号线龙柏新村,3
10号线龙柏新村,10号线龙溪路,3
10号线龙溪路,10号线水城路,3
10号线水城路,10号线伊犁路,3
10号线伊犁路,10号线宋园路,3
10号线宋园路,10号线虹桥路,3
10号线虹桥路,10号线交通大学,3
10号线交通大学,10号线上海图书馆,3
10号线上海图书馆,10号线陕西南路,3
10号线陕西南路,10号线新天地,3
10号线新天地,10号线老西门,3
10号线老西门,10号线豫园,3
10号线豫园,10号线南京东路,3
10号线南京东路,10号线天潼路,3
10号线天潼路,10号线四川北路,3
10号线四川北路,10号线海伦路,3
10号线海伦路,10号线邮电新村,3
10号线邮电新村,10号线四平路,3
10号线四平路,10号线同济大学,3
10号线同济大学,10号线国权路,3
10号线国权路,10号线五角场,3
10号线五角场,10号线江湾体育场,3
10号线江湾体育场,10号线三门路,3
10号线三门路,10号线殷高东路,3
10号线殷高东路,10号线新江湾城,3
10号线新江湾城,10号线殷高东路,3
10号线殷高东路,10号线三门路,3
10号线三门路,10号线江湾体育场,3
10号线江湾体育场,10号线五角场,3
10号线五角场,10号线国权路,3
10号线国权路,10号线同济大学,3
10号线同济大学,10号线四平路,3
10号线四平路,10号线邮电新村,3
10号线邮电新村,10号线海伦路,3
10号线海伦路,10号线四川北路,3
10号线四川北路,10号线天潼路,3
10号线天潼路,10号线南京东路,3
10号线南京东路,10号线豫园,3
10号线豫园,10号线老西门,3
10号线老西门,10号线新天地,3
10号线新天地,10号线陕西南路,3
10号线陕西南路,10号线上海图书馆,3
10号线上海图书馆,10号线交通大学,3
10号线交通大学,10号线虹桥路,3
10号线虹桥路,10号线宋园路,3
10号线宋园路,10号线伊犁路,3
10号线伊犁路,10号线水城路,3
10号线水城路,10号线龙溪路,3
10号线龙溪路,10号线龙柏新村,3
10号线龙柏新村,10号线紫藤路,3
10号线紫藤路,10号线航中路,3
3号线江杨北路,3号线铁力路,3
3号线铁力路,3号线友谊路,3
3号线友谊路,3号线宝杨路,3
3号线宝杨路,3号线水产路,3
3号线水产路,3号线淞滨路,3
3号线淞滨路,3号线张华浜,3
3号线张华浜,3号线淞发路,3
3号线淞发路,3号线长江南路,3
3号线长江南路,3号线殷高西路,3
3号线殷高西路,3号线江湾镇,3
3号线江湾镇,3号线大柏树,3
3号线大柏树,3号线赤峰路,3
3号线赤峰路,3号线虹口足球场,3
3号线虹口足球场,3号线东宝兴路,3
3号线东宝兴路,3号线宝山路,3
3号线宝山路,3号线上海火车站,3
3号线上海火车站,3号线中潭路,3
3号线中潭路,3号线镇坪路,3
3号线镇坪路,3号线曹杨路,3
3号线曹杨路,3号线金沙江路,3
3号线金沙江路,3号线中山公园,3
3号线中山公园,3号线延安西路,3
3号线延安西路,3号线虹桥路,3
3号线虹桥路,3号线宜山路,3
3号线宜山路,3号线漕溪路,3
3号线漕溪路,3号线龙漕路,3
3号线龙漕路,3号线石龙路,3
3号线石龙路,3号线上海南站,3
3号线上海南站,3号线石龙路,3
3号线石龙路,3号线龙漕路,3
3号线龙漕路,3号线漕溪路,3
3号线漕溪路,3号线宜山路,3
3号线宜山路,3号线虹桥路,3
3号线虹桥路,3号线延安西路,3
3号线延安西路,3号线中山公园,3
3号线中山公园,3号线金沙江路,3
3号线金沙江路,3号线曹杨路,3
3号线曹杨路,3号线镇坪路,3
3号线镇坪路,3号线中潭路,3
3号线中潭路,3号线上海火车站,3
3号线上海火车站,3号线宝山路,3
3号线宝山路,3号线东宝兴路,3
3号线东宝兴路,3号线虹口足球场,3
3号线虹口足球场,3号线赤峰路,3
3号线赤峰路,3号线大柏树,3
3号线大柏树,3号线江湾镇,3
3号线江湾镇,3号线殷高西路,3
3号线殷高西路,3号线长江南路,3
3号线长江南路,3号线淞发路,3
3号线淞发路,3号线张华浜,3
3号线张华浜,3号线淞滨路,3
3号线淞滨路,3号线水产路,3
3号线水产路,3号线宝杨路,3
3号线宝杨路,3号线友谊路,3
3号线友谊路,3号线铁力路,3
3号线铁力路,3号线江杨北路,3
9号线松江南站,9号线醉白池,3
9号线醉白池,9号线松江体育中心,3
9号线松江体育中心,9号线松江新城,3
9号线松江新城,9号线松江大学城,3
9号线松江大学城,9号线洞泾,3
9号线洞泾,9号线佘山,3
9号线佘山,9号线泗泾,3
9号线泗泾,9号线九亭,3
9号线九亭,9号线中春路,3
9号线中春路,9号线七宝,3
9号线七宝,9号线星中路,3
9号线星中路,9号线合川路,3
9号线合川路,9号线漕河泾开发区,3
9号线漕河泾开发区,9号线桂林路,3
9号线桂林路,9号线宜山路,3
9号线宜山路,9号线徐家汇,3
9号线徐家汇,9号线肇嘉浜路,3
9号线肇嘉浜路,9号线嘉善路,3
9号线嘉善路,9号线打浦桥,3
9号线打浦桥,9号线马当路,3
9号线马当路,9号线陆家浜路,3
9号线陆家浜路,9号线小南门,3
9号线小南门,9号线商城路,3
9号线商城路,9号线世纪大道,3
9号线世纪大道,9号线杨高中路,3
9号线杨高中路,9号线芳甸路,3
9号线芳甸路,9号线蓝天路,3
9号线蓝天路,9号线台儿庄路,3
9号线台儿庄路,9号线金桥,3
9号线金桥,9号线金吉路,3
9号线金吉路,9号线金海路,3
9号线金海路,9号线顾唐路,3
9号线顾唐路,9号线民雷路,3
9号线民雷路,9号线曹路,3
9号线曹路,9号线民雷路,3
9号线民雷路,9号线顾唐路,3
9号线顾唐路,9号线金海路,3
9号线金海路,9号线金吉路,3
9号线金吉路,9号线金桥,3
9号线金桥,9号线台儿庄路,3
9号线台儿庄路,9号线蓝天路,3
9号线蓝天路,9号线芳甸路,3
9号线芳甸路,9号线杨高中路,3
9号线杨高中路,9号线世纪大道,3
9号线世纪大道,9号线商城路,3
9号线商城路,9号线小南门,3
9号线小南门,9号线陆家浜路,3
9号线陆家浜路,9号线马当路,3
9号线马当路,9号线打浦桥,3
9号线打浦桥,9号线嘉善路,3
9号线嘉善路,9号线肇嘉浜路,3
9号线肇嘉浜路,9号线徐家汇,3
9号线徐家汇,9号线宜山路,3
9号线宜山路,9号线桂林路,3
9号线桂林路,9号线漕河泾开发区,3
9号线漕河泾开发区,9号线合川路,3
9号线合川路,9号线星中路,3
9号线星中路,9号线七宝,3
9号线七宝,9号线中春路,3
9号线中春路,9号线九亭,3
9号线九亭,9号线泗泾,3
9号线泗泾,9号线佘山,3
9号线佘山,9号线洞泾,3
9号线洞泾,9号线松江大学城,3
9号线松江大学城,9号线松江新城,3
9号线松江新城,9号线松江体育中心,3
9号线松江体育中心,9号线醉白池,3
9号线醉白池,9号线松江南站,3
4号线宜山路,4号线上海体育馆,3
4号线上海体育馆,4号线上海体育场,3
4号线上海体育场,4号线东安路,3
4号线东安路,4号线大木桥路,3
4号线大木桥路,4号线鲁班路,3
4号线鲁班路,4号线西藏南路,3
4号线西藏南路,4号线南浦大桥,3
4号线南浦大桥,4号线塘桥,3
4号线塘桥,4号线蓝村路,3
4号线蓝村路,4号线浦电路,3
4号线浦电路,4号线世纪大道,3
4号线世纪大道,4号线浦东大道,3
4号线浦东大道,4号线杨树浦路,3
4号线杨树浦路,4号线大连路,3
4号线大连路,4号线临平路,3
4号线临平路,4号线海伦路,3
4号线海伦路,4号线宝山路,3
4号线宝山路,4号线上海火车站,3
4号线上海火车站,4号线中潭路,3
4号线中潭路,4号线镇坪路,3
4号线镇坪路,4号线曹杨路,3
4号线曹杨路,4号线金沙江路,3
4号线金沙江路,4号线中山公园,3
4号线中山公园,4号线延安西路,3
4号线延安西路,4号线虹桥路,3
4号线宜山路,4号线虹桥路,3
4号线虹桥路,4号线延安西路,3
4号线延安西路,4号线中山公园,3
4号线中山公园,4号线金沙江路,3
4号线金沙江路,4号线曹杨路,3
4号线曹杨路,4号线镇坪路,3
4号线镇坪路,4号线中潭路,3
4号线中潭路,4号线上海火车站,3
4号线上海火车站,4号线宝山路,3
4号线宝山路,4号线海伦路,3
4号线海伦路,4号线临平路,3
4号线临平路,4号线大连路,3
4号线大连路,4号线杨树浦路,3
4号线杨树浦路,4号线浦东大道,3
4号线浦东大道,4号线世纪大道,3
4号线世纪大道,4号线浦电路,3
4号线浦电路,4号线蓝村路,3
4号线蓝村路,4号线塘桥,3
4号线塘桥,4号线南浦大桥,3
4号线南浦大桥,4号线西藏南路,3
4号线西藏南路,4号线鲁班路,3
4号线鲁班路,4号线大木桥路,3
4号线大木桥路,4号线东安路,3
4号线东安路,4号线上海体育场,3
4号线上海体育场,4号线上海体育馆,3
6号线东方体育中心,6号线灵岩南路,3
6号线灵岩南路,6号线上南路,3
6号线上南路,6号线华夏西路,3
6号线华夏西路,6号线高青路,3
6号线高青路,6号线东明路,3
6号线东明路,6号线高科西路,3
6号线高科西路,6号线临沂新村,3
6号线临沂新村,6号线上海儿童医学中心,3
6号线上海儿童医学中心,6号线蓝村路,3
6号线蓝村路,6号线浦电路,3
6号线浦电路,6号线世纪大道,3
6号线世纪大道,6号线源深体育中心,3
6号线源深体育中心,6号线民生路,3
6号线民生路,6号线北洋泾路,3
6号线北洋泾路,6号线德平路,3
6号线德平路,6号线云山路,3
6号线云山路,6号线金桥路,3
6号线金桥路,6号线博兴路,3
6号线博兴路,6号线五莲路,3
6号线五莲路,6号线巨峰路,3
6号线巨峰路,6号线东靖路,3
6号线东靖路,6号线五洲大道,3
6号线五洲大道,6号线洲海路,3
6号线洲海路,6号线外高桥保税区南站,3
6号线外高桥保税区南站,6号线航津路,3
6号线航津路,6号线外高桥保税区北站,3
6号线外高桥保税区北站,6号线港城路,3
6号线港城路,6号线外高桥保税区北站,3
6号线外高桥保税区北站,6号线航津路,3
6号线航津路,6号线外高桥保税区南站,3
6号线外高桥保税区南站,6号线洲海路,3
6号线洲海路,6号线五洲大道,3
6号线五洲大道,6号线东靖路,3
6号线东靖路,6号线巨峰路,3
6号线巨峰路,6号线五莲路,3
6号线五莲路,6号线博兴路,3
6号线博兴路,6号线金桥路,3
6号线金桥路,6号线云山路,3
6号线云山路,6号线德平路,3
6号线德平路,6号线北洋泾路,3
6号线北洋泾路,6号线民生路,3
6号线民生路,6号线源深体育中心,3
6号线源深体育中心,6号线世纪大道,3
6号线世纪大道,6号线浦电路,3
6号线浦电路,6号线蓝村路,3
6号线蓝村路,6号线上海儿童医学中心,3
6号线上海儿童医学中心,6号线临沂新村,3
6号线临沂新村,6号线高科西路,3
6号线高科西路,6号线东明路,3
6号线东明路,6号线高青路,3
6号线高青路,6号线华夏西路,3
6号线华夏西路,6号线上南路,3
6号线上南路,6号线灵岩南路,3
6号线灵岩南路,6号线东方体育中心,3
5号线莘庄,5号线春申路,3
5号线春申路,5号线银都路,3
5号线银都路,5号线颛桥,3
5号线颛桥,5号线北桥,3
5号线北桥,5号线剑川路,3
5号线剑川路,5号线东川路,3
5号线东川路,5号线江川路,3
5号线江川路,5号线西渡,3
5号线西渡,5号线萧塘,3
5号线萧塘,5号线奉浦大道,3
5号线奉浦大道,5号线环城东路,3
5号线环城东路,5号线望园路,3
5号线望园路,5号线金海湖,3
5号线金海湖,5号线奉贤新城,3
5号线奉贤新城,5号线金海湖,3
5号线金海湖,5号线望园路,3
5号线望园路,5号线环城东路,3
5号线环城东路,5号线奉浦大道,3
5号线奉浦大道,5号线萧塘,3
5号线萧塘,5号线西渡,3
5号线西渡,5号线江川路,3
5号线江川路,5号线东川路,3
5号线东川路,5号线剑川路,3
5号线剑川路,5号线北桥,3
5号线北桥,5号线颛桥,3
5号线颛桥,5号线银都路,3
5号线银都路,5号线春申路,3
5号线春申路,5号线莘庄,3
5号线东川路,5号线金平路,3
5号线金平路,5号线华宁路,3
5号线华宁路,5号线文井路,3
5号线文井路,5号线闵行开发区,3
5号线闵行开发区,5号线文井路,3
5号线文井路,5号线华宁路,3
5号线华宁路,5号线金平路,3
5号线金平路,5号线东川路,3
7号线美兰湖,7号线罗南新村,3
7号线罗南新村,7号线潘广路,3
7号线潘广路,7号线刘行,3
7号线刘行,7号线顾村公园,3
7号线顾村公园,7号线祁华路,3
7号线祁华路,7号线上海大学,3
7号线上海大学,7号线南陈路,3
7号线南陈路,7号线上大路,3
7号线上大路,7号线场中路,3
7号线场中路,7号线大场镇,3
7号线大场镇,7号线行知路,3
7号线行知路,7号线大华三路,3
7号线大华三路,7号线新村路,3
7号线新村路,7号线岚皋路,3
7号线岚皋路,7号线镇坪路,3
7号线镇坪路,7号线长寿路,3
7号线长寿路,7号线昌平路,3
7号线昌平路,7号线静安寺,3
7号线静安寺,7号线常熟路,3
7号线常熟路,7号线肇嘉浜路,3
7号线肇嘉浜路,7号线东安路,3
7号线东安路,7号线龙华中路,3
7号线龙华中路,7号线后滩,3
7号线后滩,7号线长清路,3
7号线长清路,7号线耀华路,3
7号线耀华路,7号线云台路,3
7号线云台路,7号线高科西路,3
7号线高科西路,7号线杨高南路,3
7号线杨高南路,7号线锦绣路,3
7号线锦绣路,7号线芳华路,3
7号线芳华路,7号线龙阳路,3
7号线龙阳路,7号线花木路,3
7号线花木路,7号线龙阳路,3
7号线龙阳路,7号线芳华路,3
7号线芳华路,7号线锦绣路,3
7号线锦绣路,7号线杨高南路,3
7号线杨高南路,7号线高科西路,3
7号线高科西路,7号线云台路,3
7号线云台路,7号线耀华路,3
7号线耀华路,7号线长清路,3
7号线长清路,7号线后滩,3
7号线后滩,7号线龙华中路,3
7号线龙华中路,7号线东安路,3
7号线东安路,7号线肇嘉浜路,3
7号线肇嘉浜路,7号线常熟路,3
7号线常熟路,7号线静安寺,3
7号线静安寺,7号线昌平路,3
7号线昌平路,7号线长寿路,3
7号线长寿路,7号线镇坪路,3
7号线镇坪路,7号线岚皋路,3
7号线岚皋路,7号线新村路,3
7号线新村路,7号线大华三路,3
7号线大华三路,7号线行知路,3
7号线行知路,7号线大场镇,3
7号线大场镇,7号线场中路,3
7号线场中路,7号线上大路,3
7号线上大路,7号线南陈路,3
7号线南陈路,7号线上海大学,3
7号线上海大学,7号线祁华路,3
7号线祁华路,7号线顾村公园,3
7号线顾村公园,7号线刘行,3
7号线刘行,7号线潘广路,3
7号线潘广路,7号线罗南新村,3
7号线罗南新村,7号线美兰湖,3
8号线沈杜公路,8号线联航路,3
8号线联航路,8号线江月路,3
8号线江月路,8号线浦江镇,3
8号线浦江镇,8号线芦恒路,3
8号线芦恒路,8号线凌兆新村,3
8号线凌兆新村,8号线东方体育中心,3
8号线东方体育中心,8号线杨思,3
8号线杨思,8号线成山路,3
8号线成山路,8号线耀华路,3
8号线耀华路,8号线中华艺术宫,3
8号线中华艺术宫,8号线西藏南路,3
8号线西藏南路,8号线陆家浜路,3
8号线陆家浜路,8号线老西门,3
8号线老西门,8号线大世界,3
8号线大世界,8号线人民广场,3
8号线人民广场,8号线曲阜路,3
8号线曲阜路,8号线中兴路,3
8号线中兴路,8号线西藏北路,3
8号线西藏北路,8号线虹口足球场,3
8号线虹口足球场,8号线曲阳路,3
8号线曲阳路,8号线四平路,3
8号线四平路,8号线鞍山新村,3
8号线鞍山新村,8号线江浦路,3
8号线江浦路,8号线黄兴路,3
8号线黄兴路,8号线延吉中路,3
8号线延吉中路,8号线黄兴公园,3
8号线黄兴公园,8号线翔殷路,3
8号线翔殷路,8号线嫩江路,3
8号线嫩江路,8号线市光路,3
8号线市光路,8号线嫩江路,3
8号线嫩江路,8号线翔殷路,3
8号线翔殷路,8号线黄兴公园,3
8号线黄兴公园,8号线延吉中路,3
8号线延吉中路,8号线黄兴路,3
8号线黄兴路,8号线江浦路,3
8号线江浦路,8号线鞍山新村,3
8号线鞍山新村,8号线四平路,3
8号线四平路,8号线曲阳路,3
8号线曲阳路,8号线虹口足球场,3
8号线虹口足球场,8号线西藏北路,3
8号线西藏北路,8号线中兴路,3
8号线中兴路,8号线曲阜路,3
8号线曲阜路,8号线人民广场,3
8号线人民广场,8号线大世界,3
8号线大世界,8号线老西门,3
8号线老西门,8号线陆家浜路,3
8号线陆家浜路,8号线西藏南路,3
8号线西藏南路,8号线中华艺术宫,3
8号线中华艺术宫,8号线耀华路,3
8号线耀华路,8号线成山路,3
8号线成山路,8号线杨思,3
8号线杨思,8号线东方体育中心,3
8号线东方体育中心,8号线凌兆新村,3
8号线凌兆新村,8号线芦恒路,3
8号线芦恒路,8号线浦江镇,3
8号线浦江镇,8号线江月路,3
8号线江月路,8号线联航路,3
8号线联航路,8号线沈杜公路,3
12号线金海路,12号线申江路,3
12号线申江路,12号线金京路,3
12号线金京路,12号线杨高北路,3
12号线杨高北路,12号线巨峰路,3
12号线巨峰路,12号线东陆路,3
12号线东陆路,12号线复兴岛,3
12号线复兴岛,12号线爱国路,3
12号线爱国路,12号线隆昌路,3
12号线隆昌路,12号线宁国路,3
12号线宁国路,12号线江浦公园,3
12号线江浦公园,12号线大连路,3
12号线大连路,12号线提篮桥,3
12号线提篮桥,12号线国际客运中心,3
12号线国际客运中心,12号线天潼路,3
12号线天潼路,12号线曲阜路,3
12号线曲阜路,12号线汉中路,3
12号线汉中路,12号线南京西路,3
12号线南京西路,12号线陕西南路,3
12号线陕西南路,12号线嘉善路,3
12号线嘉善路,12号线大木桥路,3
12号线大木桥路,12号线龙华中路,3
12号线龙华中路,12号线龙华,3
12号线龙华,12号线龙漕路,3
12号线龙漕路,12号线漕宝路,3
12号线漕宝路,12号线桂林公园,3
12号线桂林公园,12号线虹漕路,3
12号线虹漕路,12号线虹梅路,3
12号线虹梅路,12号线东兰路,3
12号线东兰路,12号线顾戴路,3
12号线顾戴路,12号线虹莘路,3
12号线虹莘路,12号线七莘路,3
12号线七莘路,12号线虹莘路,3
12号线虹莘路,12号线顾戴路,3
12号线顾戴路,12号线东兰路,3
12号线东兰路,12号线虹梅路,3
12号线虹梅路,12号线虹漕路,3
12号线虹漕路,12号线桂林公园,3
12号线桂林公园,12号线漕宝路,3
12号线漕宝路,12号线龙漕路,3
12号线龙漕路,12号线龙华,3
12号线龙华,12号线龙华中路,3
12号线龙华中路,12号线大木桥路,3
12号线大木桥路,12号线嘉善路,3
12号线嘉善路,12号线陕西南路,3
12号线陕西南路,12号线南京西路,3
12号线南京西路,12号线汉中路,3
12号线汉中路,12号线曲阜路,3
12号线曲阜路,12号线天潼路,3
12号线天潼路,12号线国际客运中心,3
12号线国际客运中心,12号线提篮桥,3
12号线提篮桥,12号线大连路,3
12号线大连路,12号线江浦公园,3
12号线江浦公园,12号线宁国路,3
12号线宁国路,12号线隆昌路,3
12号线隆昌路,12号线爱国路,3
12号线爱国路,12号线复兴岛,3
12号线复兴岛,12号线东陆路,3
12号线东陆路,12号线巨峰路,3
12号线巨峰路,12号线杨高北路,3
12号线杨高北路,12号线金京路,3
12号线金京路,12号线申江路,3
12号线申江路,12号线金海路,3
11号线迪士尼,11号线康新公路,3
11号线康新公路,11号线秀沿路,3
11号线秀沿路,11号线罗山路,3
11号线罗山路,11号线御桥,3
11号线御桥,11号线浦三路,3
11号线浦三路,11号线三林东,3
11号线三林东,11号线三林,3
11号线三林,11号线东方体育中心,3
11号线东方体育中心,11号线龙耀路,3
11号线龙耀路,11号线云锦路,3
11号线云锦路,11号线龙华,3
11号线龙华,11号线上海游泳馆,3
11号线上海游泳馆,11号线徐家汇,3
11号线徐家汇,11号线交通大学,3
11号线交通大学,11号线江苏路,3
11号线江苏路,11号线隆德路,3
11号线隆德路,11号线曹杨路,3
11号线曹杨路,11号线枫桥路,3
11号线枫桥路,11号线真如,3
11号线真如,11号线上海西站,3
11号线上海西站,11号线李子园,3
11号线李子园,11号线祁连山路,3
11号线祁连山路,11号线武威路,3
11号线武威路,11号线桃浦新村,3
11号线桃浦新村,11号线南翔,3
11号线南翔,11号线马陆,3
11号线马陆,11号线嘉定新城,3
11号线嘉定新城,11号线白银路,3
11号线白银路,11号线嘉定西,3
11号线嘉定西,11号线嘉定北,3
11号线花桥,11号线光明路,3
11号线光明路,11号线兆丰路,3
11号线兆丰路,11号线安亭,3
11号线安亭,11号线上海汽车城,3
11号线上海汽车城,11号线昌吉东路,3
11号线昌吉东路,11号线上海赛车场,3
11号线上海赛车场,11号线嘉定新城,3
11号线嘉定新城,11号线马陆,3
11号线马陆,11号线南翔,3
11号线南翔,11号线桃浦新村,3
11号线桃浦新村,11号线武威路,3
11号线武威路,11号线祁连山路,3
11号线祁连山路,11号线李子园,3
11号线李子园,11号线上海西站,3
11号线上海西站,11号线真如,3
11号线真如,11号线枫桥路,3
11号线枫桥路,11号线曹杨路,3
11号线曹杨路,11号线隆德路,3
11号线隆德路,11号线江苏路,3
11号线江苏路,11号线交通大学,3
11号线交通大学,11号线徐家汇,3
11号线徐家汇,11号线上海游泳馆,3
11号线上海游泳馆,11号线龙华,3
11号线龙华,11号线云锦路,3
11号线云锦路,11号线龙耀路,3
11号线龙耀路,11号线东方体育中心,3
11号线东方体育中心,11号线三林,3
11号线三林,11号线三林东,3
11号线三林东,11号线浦三路,3
11号线浦三路,11号线御桥,3
11号线御桥,11号线罗山路,3
11号线罗山路,11号线秀沿路,3
11号线秀沿路,11号线康新公路,3
11号线康新公路,11号线迪士尼,3
11号线嘉定北,11号线嘉定西,3
11号线嘉定西,11号线白银路,3
11号线白银路,11号线嘉定新城,3
11号线嘉定新城,11号线马陆,3
11号线马陆,11号线南翔,3
11号线南翔,11号线桃浦新村,3
11号线桃浦新村,11号线武威路,3
11号线武威路,11号线祁连山路,3
11号线祁连山路,11号线李子园,3
11号线李子园,11号线上海西站,3
11号线上海西站,11号线真如,3
11号线真如,11号线枫桥路,3
11号线枫桥路,11号线曹杨路,3
11号线曹杨路,11号线隆德路,3
11号线隆德路,11号线江苏路,3
11号线江苏路,11号线交通大学,3
11号线交通大学,11号线徐家汇,3
11号线徐家汇,11号线上海游泳馆,3
11号线上海游泳馆,11号线龙华,3
11号线龙华,11号线云锦路,3
11号线云锦路,11号线龙耀路,3
11号线龙耀路,11号线东方体育中心,3
11号线东方体育中心,11号线三林,3
11号线三林,11号线三林东,3
11号线三林东,11号线浦三路,3
11号线浦三路,11号线御桥,3
11号线御桥,11号线罗山路,3
11号线罗山路,11号线秀沿路,3
11号线秀沿路,11号线康新公路,3
11号线康新公路,11号线迪士尼,3
11号线迪士尼,11号线康新公路,3
11号线康新公路,11号线秀沿路,3
11号线秀沿路,11号线罗山路,3
11号线罗山路,11号线御桥,3
11号线御桥,11号线浦三路,3
11号线浦三路,11号线三林东,3
11号线三林东,11号线三林,3
11号线三林,11号线东方体育中心,3
11号线东方体育中心,11号线龙耀路,3
11号线龙耀路,11号线云锦路,3
11号线云锦路,11号线龙华,3
11号线龙华,11号线上海游泳馆,3
11号线上海游泳馆,11号线徐家汇,3
11号线徐家汇,11号线交通大学,3
11号线交通大学,11号线江苏路,3
11号线江苏路,11号线隆德路,3
11号线隆德路,11号线曹杨路,3
11号线曹杨路,11号线枫桥路,3
11号线枫桥路,11号线真如,3
11号线真如,11号线上海西站,3
11号线上海西站,11号线李子园,3
11号线李子园,11号线祁连山路,3
11号线祁连山路,11号线武威路,3
11号线武威路,11号线桃浦新村,3
11号线桃浦新村,11号线南翔,3
11号线南翔,11号线马陆,3
11号线马陆,11号线嘉定新城,3
11号线嘉定新城,11号线上海赛车场,3
11号线上海赛车场,11号线昌吉东路,3
11号线昌吉东路,11号线上海汽车城,3
11号线上海汽车城,11号线安亭,3
11号线安亭,11号线兆丰路,3
11号线兆丰路,11号线光明路,3
11号线光明路,11号线花桥,3
13号线张江路,13号线学林路,3
13号线学林路,13号线中科路,3
13号线中科路,13号线华夏中路,3
13号线华夏中路,13号线莲溪路,3
13号线莲溪路,13号线陈春路,3
13号线陈春路,13号线北蔡,3
13号线北蔡,13号线下南路,3
13号线下南路,13号线华鹏路,3
13号线华鹏路,13号线东明路,3
13号线东明路,13号线成山路,3
13号线成山路,13号线长清路,3
13号线长清路,13号线世博大道,3
13号线世博大道,13号线世博会博物馆,3
13号线世博会博物馆,13号线马当路,3
13号线马当路,13号线新天地,3
13号线新天地,13号线淮海中路,3
13号线淮海中路,13号线南京西路,3
13号线南京西路,13号线自然博物馆,3
13号线自然博物馆,13号线汉中路,3
13号线汉中路,13号线江宁路,3
13号线江宁路,13号线长寿路,3
13号线长寿路,13号线武宁路,3
13号线武宁路,13号线隆德路,3
13号线隆德路,13号线金沙江路,3
13号线金沙江路,13号线大渡河路,3
13号线大渡河路,13号线真北路,3
13号线真北路,13号线祁连山南路,3
13号线祁连山南路,13号线丰庄,3
13号线丰庄,13号线金沙江西路,3
13号线金沙江西路,13号线金运路,3
13号线金运路,13号线金沙江西路,3
13号线金沙江西路,13号线丰庄,3
13号线丰庄,13号线祁连山南路,3
13号线祁连山南路,13号线真北路,3
13号线真北路,13号线大渡河路,3
13号线大渡河路,13号线金沙江路,3
13号线金沙江路,13号线隆德路,3
13号线隆德路,13号线武宁路,3
13号线武宁路,13号线长寿路,3
13号线长寿路,13号线江宁路,3
13号线江宁路,13号线汉中路,3
13号线汉中路,13号线自然博物馆,3
13号线自然博物馆,13号线南京西路,3
13号线南京西路,13号线淮海中路,3
13号线淮海中路,13号线新天地,3
13号线新天地,13号线马当路,3
13号线马当路,13号线世博会博物馆,3
13号线世博会博物馆,13号线世博大道,3
13号线世博大道,13号线长清路,3
13号线长清路,13号线成山路,3
13号线成山路,13号线东明路,3
13号线东明路,13号线华鹏路,3
13号线华鹏路,13号线下南路,3
13号线下南路,13号线北蔡,3
13号线北蔡,13号线陈春路,3
13号线陈春路,13号线莲溪路,3
13号线莲溪路,13号线华夏中路,3
13号线华夏中路,13号线中科路,3
13号线中科路,13号线学林路,3
13号线学林路,13号线张江路,3
16号线龙阳路,16号线华夏中路,3
16号线华夏中路,16号线罗山路,3
16号线罗山路,16号线周浦东,3
16号线周浦东,16号线鹤沙航城,3
16号线鹤沙航城,16号线航头东,3
16号线航头东,16号线新场,3
16号线新场,16号线野生动物园,3
16号线野生动物园,16号线惠南,3
16号线惠南,16号线惠南东,3
16号线惠南东,16号线书院,3
16号线书院,16号线临港大道,3
16号线临港大道,16号线滴水湖,3
16号线滴水湖,16号线临港大道,3
16号线临港大道,16号线书院,3
16号线书院,16号线惠南东,3
16号线惠南东,16号线惠南,3
16号线惠南,16号线野生动物园,3
16号线野生动物园,16号线新场,3
16号线新场,16号线航头东,3
16号线航头东,16号线鹤沙航城,3
16号线鹤沙航城,16号线周浦东,3
16号线周浦东,16号线罗山路,3
16号线罗山路,16号线华夏中路,3
16号线华夏中路,16号线龙阳路,3
1号线上海火车站,3号线上海火车站,5
1号线上海火车站,4号线上海火车站,5
3号线上海火车站,1号线上海火车站,5
3号线上海火车站,4号线上海火车站,5
4号线上海火车站,1号线上海火车站,5
4号线上海火车站,3号线上海火车站,5
1号线汉中路,12号线汉中路,5
1号线汉中路,13号线汉中路,5
12号线汉中路,1号线汉中路,5
12号线汉中路,13号线汉中路,5
13号线汉中路,1号线汉中路,5
13号线汉中路,12号线汉中路,5
1号线人民广场,2号线人民广场,5
1号线人民广场,8号线人民广场,5
2号线人民广场,1号线人民广场,5
2号线人民广场,8号线人民广场,5
8号线人民广场,1号线人民广场,5
8号线人民广场,2号线人民广场,5
1号线陕西南路,10号线陕西南路,5
1号线陕西南路,12号线陕西南路,5
10号线陕西南路,1号线陕西南路,5
10号线陕西南路,12号线陕西南路,5
12号线陕西南路,1号线陕西南路,5
12号线陕西南路,10号线陕西南路,5
1号线常熟路,7号线常熟路,5
7号线常熟路,1号线常熟路,5
1号线徐家汇,9号线徐家汇,5
1号线徐家汇,11号线徐家汇,5
9号线徐家汇,1号线徐家汇,5
9号线徐家汇,11号线徐家汇,5
11号线徐家汇,1号线徐家汇,5
11号线徐家汇,9号线徐家汇,5
1号线上海体育馆,4号线上海体育馆,5
4号线上海体育馆,1号线上海体育馆,5
1号线漕宝路,12号线漕宝路,5
12号线漕宝路,1号线漕宝路,5
1号线上海南站,3号线上海南站,5
3号线上海南站,1号线上海南站,5
1号线莘庄,5号线莘庄,5
5号线莘庄,1号线莘庄,5
2号线虹桥火车站,10号线虹桥火车站,5
2号线虹桥火车站,17号线虹桥火车站,5
10号线虹桥火车站,2号线虹桥火车站,5
10号线虹桥火车站,17号线虹桥火车站,5
17号线虹桥火车站,2号线虹桥火车站,5
17号线虹桥火车站,10号线虹桥火车站,5
2号线虹桥2号航站楼,10号线虹桥2号航站楼,5
10号线虹桥2号航站楼,2号线虹桥2号航站楼,5
2号线中山公园,3号线中山公园,5
2号线中山公园,4号线中山公园,5
3号线中山公园,2号线中山公园,5
3号线中山公园,4号线中山公园,5
4号线中山公园,2号线中山公园,5
4号线中山公园,3号线中山公园,5
2号线江苏路,11号线江苏路,5
11号线江苏路,2号线江苏路,5
2号线静安寺,7号线静安寺,5
7号线静安寺,2号线静安寺,5
2号线南京西路,12号线南京西路,5
2号线南京西路,13号线南京西路,5
12号线南京西路,2号线南京西路,5
12号线南京西路,13号线南京西路,5
13号线南京西路,2号线南京西路,5
13号线南京西路,12号线南京西路,5
2号线南京东路,10号线南京东路,5
10号线南京东路,2号线南京东路,5
2号线世纪大道,9号线世纪大道,5
2号线世纪大道,4号线世纪大道,5
2号线世纪大道,6号线世纪大道,5
9号线世纪大道,2号线世纪大道,5
9号线世纪大道,4号线世纪大道,5
9号线世纪大道,6号线世纪大道,5
4号线世纪大道,2号线世纪大道,5
4号线世纪大道,9号线世纪大道,5
4号线世纪大道,6号线世纪大道,5
6号线世纪大道,2号线世纪大道,5
6号线世纪大道,9号线世纪大道,5
6号线世纪大道,4号线世纪大道,5
2号线龙阳路,7号线龙阳路,5
2号线龙阳路,16号线龙阳路,5
7号线龙阳路,2号线龙阳路,5
7号线龙阳路,16号线龙阳路,5
16号线龙阳路,2号线龙阳路,5
16号线龙阳路,7号线龙阳路,5
10号线四平路,8号线四平路,5
8号线四平路,10号线四平路,5
10号线海伦路,4号线海伦路,5
4号线海伦路,10号线海伦路,5
10号线天潼路,12号线天潼路,5
12号线天潼路,10号线天潼路,5
10号线老西门,8号线老西门,5
8号线老西门,10号线老西门,5
10号线新天地,13号线新天地,5
13号线新天地,10号线新天地,5
10号线交通大学,11号线交通大学,5
11号线交通大学,10号线交通大学,5
10号线虹桥路,3号线虹桥路,5
10号线虹桥路,4号线虹桥路,5
3号线虹桥路,10号线虹桥路,5
3号线虹桥路,4号线虹桥路,5
4号线虹桥路,10号线虹桥路,5
4号线虹桥路,3号线虹桥路,5
3号线虹口足球场,8号线虹口足球场,5
8号线虹口足球场,3号线虹口足球场,5
3号线宝山路,4号线宝山路,5
4号线宝山路,3号线宝山路,5
3号线中潭路,4号线中潭路,5
4号线中潭路,3号线中潭路,5
3号线镇坪路,4号线镇坪路,5
3号线镇坪路,7号线镇坪路,5
4号线镇坪路,3号线镇坪路,5
4号线镇坪路,7号线镇坪路,5
7号线镇坪路,3号线镇坪路,5
7号线镇坪路,4号线镇坪路,5
3号线曹杨路,4号线曹杨路,5
3号线曹杨路,11号线曹杨路,5
4号线曹杨路,3号线曹杨路,5
4号线曹杨路,11号线曹杨路,5
11号线曹杨路,3号线曹杨路,5
11号线曹杨路,4号线曹杨路,5
3号线金沙江路,4号线金沙江路,5
3号线金沙江路,13号线金沙江路,5
4号线金沙江路,3号线金沙江路,5
4号线金沙江路,13号线金沙江路,5
13号线金沙江路,3号线金沙江路,5
13号线金沙江路,4号线金沙江路,5
3号线延安西路,4号线延安西路,5
4号线延安西路,3号线延安西路,5
3号线宜山路,9号线宜山路,5
3号线宜山路,4号线宜山路,5
9号线宜山路,3号线宜山路,5
9号线宜山路,4号线宜山路,5
4号线宜山路,3号线宜山路,5
4号线宜山路,9号线宜山路,5
3号线龙漕路,12号线龙漕路,5
12号线龙漕路,3号线龙漕路,5
9号线肇嘉浜路,7号线肇嘉浜路,5
7号线肇嘉浜路,9号线肇嘉浜路,5
9号线嘉善路,12号线嘉善路,5
12号线嘉善路,9号线嘉善路,5
9号线马当路,13号线马当路,5
13号线马当路,9号线马当路,5
9号线陆家浜路,8号线陆家浜路,5
8号线陆家浜路,9号线陆家浜路,5
9号线金海路,12号线金海路,5
12号线金海路,9号线金海路,5
4号线东安路,7号线东安路,5
7号线东安路,4号线东安路,5
4号线大木桥路,12号线大木桥路,5
12号线大木桥路,4号线大木桥路,5
4号线西藏南路,8号线西藏南路,5
8号线西藏南路,4号线西藏南路,5
4号线蓝村路,6号线蓝村路,5
6号线蓝村路,4号线蓝村路,5
4号线浦电路,6号线浦电路,5
6号线浦电路,4号线浦电路,5
4号线大连路,12号线大连路,5
12号线大连路,4号线大连路,5
6号线东方体育中心,8号线东方体育中心,5
6号线东方体育中心,11号线东方体育中心,5
8号线东方体育中心,6号线东方体育中心,5
8号线东方体育中心,11号线东方体育中心,5
11号线东方体育中心,6号线东方体育中心,5
11号线东方体育中心,8号线东方体育中心,5
6号线东明路,13号线东明路,5
13号线东明路,6号线东明路,5
6号线高科西路,7号线高科西路,5
7号线高科西路,6号线高科西路,5
6号线巨峰路,12号线巨峰路,5
12号线巨峰路,6号线巨峰路,5
5号线东川路,5号线支线东川路,5
5号线支线东川路,5号线东川路,5
7号线长寿路,13号线长寿路,5
13号线长寿路,7号线长寿路,5
7号线龙华中路,12号线龙华中路,5
12号线龙华中路,7号线龙华中路,5
7号线长清路,13号线长清路,5
13号线长清路,7号线长清路,5
7号线耀华路,8号线耀华路,5
8号线耀华路,7号线耀华路,5
8号线沈杜公路,轨道交通浦江线沈杜公路,5
轨道交通浦江线沈杜公路,8号线沈杜公路,5
8号线成山路,13号线成山路,5
13号线成山路,8号线成山路,5
8号线曲阜路,12号线曲阜路,5
12号线曲阜路,8号线曲阜路,5
12号线龙华,11号线龙华,5
11号线龙华,12号线龙华,5
11号线罗山路,16号线罗山路,5
16号线罗山路,11号线罗山路,5
11号线隆德路,13号线隆德路,5
13号线隆德路,11号线隆德路,5
13号线华夏中路,16号线华夏中路,5
16号线华夏中路,13号线华夏中路,5
1号线大望路,14号线东段大望路,5
14号线东段大望路,1号线大望路,5
